mutation_id	sample_id	cluster_id	cellular_prevalence	cellular_prevalence_std	cluster_assignment_prob
b'10:13275713'	b'A25'	0	0.4348	0.0235	0.3476
b'10:24909707'	b'A25'	0	0.4348	0.0235	0.4670
b'10:70497621'	b'A25'	0	0.4348	0.0235	0.1609
b'11:108709382'	b'A25'	0	0.4348	0.0235	0.2371
b'11:114569499'	b'A25'	0	0.4348	0.0235	0.3054
b'11:124121212'	b'A25'	0	0.4348	0.0235	0.3151
b'11:36523019'	b'A25'	0	0.4348	0.0235	0.3872
b'11:5068194'	b'A25'	0	0.4348	0.0235	0.5750
b'11:56468575'	b'A25'	0	0.4348	0.0235	0.9899
b'11:60105318'	b'A25'	0	0.4348	0.0235	0.1250
b'11:64799900'	b'A25'	0	0.4348	0.0235	0.5073
b'11:72084024'	b'A25'	0	0.4348	0.0235	0.5553
b'11:93432079'	b'A25'	0	0.4348	0.0235	0.5073
b'12:109948172'	b'A25'	0	0.4348	0.0235	0.1173
b'12:110788164'	b'A25'	0	0.4348	0.0235	0.1265
b'12:120636315'	b'A25'	0	0.4348	0.0235	0.3476
b'12:124408347'	b'A25'	0	0.4348	0.0235	0.2552
b'12:40930656'	b'A25'	0	0.4348	0.0235	0.2552
b'12:53469579'	b'A25'	0	0.4348	0.0235	0.2058
b'14:22520972'	b'A25'	0	0.4348	0.0235	0.1289
b'15:27890374'	b'A25'	0	0.4348	0.0235	0.2705
b'15:68065017'	b'A25'	0	0.4348	0.0235	0.1920
b'15:68118999'	b'A25'	0	0.4348	0.0235	0.1356
b'16:10631909'	b'A25'	0	0.4348	0.0235	0.4399
b'16:56703905'	b'A25'	0	0.4348	0.0235	0.3760
b'16:84779180'	b'A25'	0	0.4348	0.0235	0.1401
b'17:33592240'	b'A25'	0	0.4348	0.0235	0.1562
b'17:35609958'	b'A25'	0	0.4348	0.0235	0.2705
b'17:38318043'	b'A25'	0	0.4348	0.0235	0.4399
b'17:39553161'	b'A25'	0	0.4348	0.0235	0.1289
b'17:42982255'	b'A25'	0	0.4348	0.0235	0.1289
b'17:62923751'	b'A25'	0	0.4348	0.0235	0.1520
b'17:80367374'	b'A25'	0	0.4348	0.0235	0.1920
b'18:30257237'	b'A25'	0	0.4348	0.0235	0.4247
b'18:44559638'	b'A25'	0	0.4348	0.0235	0.3054
b'18:54270204'	b'A25'	0	0.4348	0.0235	0.2058
b'19:2989074'	b'A25'	0	0.4348	0.0235	0.1885
b'19:46326074'	b'A25'	0	0.4348	0.0235	0.1356
b'19:53612028'	b'A25'	0	0.4348	0.0235	0.4434
b'19:55179368'	b'A25'	0	0.4348	0.0235	0.2068
b'19:56719923'	b'A25'	0	0.4348	0.0235	0.4683
b'19:6475421'	b'A25'	0	0.4348	0.0235	0.1767
b'1:144859793'	b'A25'	0	0.4348	0.0235	0.6814
b'1:149858866'	b'A25'	0	0.4348	0.0235	0.5893
b'1:149858869'	b'A25'	0	0.4348	0.0235	0.5893
b'1:156386638'	b'A25'	0	0.4348	0.0235	0.4501
b'1:159038445'	b'A25'	0	0.4348	0.0235	0.1643
b'1:17685805'	b'A25'	0	0.4348	0.0235	0.2497
b'1:192990286'	b'A25'	0	0.4348	0.0235	0.1767
b'1:19483428'	b'A25'	0	0.4348	0.0235	0.2058
b'1:203020971'	b'A25'	0	0.4348	0.0235	0.2552
b'1:228492978'	b'A25'	0	0.4348	0.0235	0.3577
b'1:228521304'	b'A25'	0	0.4348	0.0235	0.1401
b'1:228646127'	b'A25'	0	0.4348	0.0235	0.4906
b'1:229771846'	b'A25'	0	0.4348	0.0235	0.9248
b'1:240370669'	b'A25'	0	0.4348	0.0235	0.7759
b'1:26385065'	b'A25'	0	0.4348	0.0235	0.4028
b'1:28898373'	b'A25'	0	0.4348	0.0235	0.5050
b'1:54477955'	b'A25'	0	0.4348	0.0235	0.3820
b'1:94486992'	b'A25'	0	0.4348	0.0235	0.4410
b'20:31814650'	b'A25'	0	0.4348	0.0235	0.2141
b'20:36641105'	b'A25'	0	0.4348	0.0235	0.2048
b'20:43047084'	b'A25'	0	0.4348	0.0235	0.3408
b'20:47262485'	b'A25'	0	0.4348	0.0235	0.2068
b'21:44524502'	b'A25'	0	0.4348	0.0235	0.1356
b'22:26343890'	b'A25'	0	0.4348	0.0235	0.2183
b'22:31533752'	b'A25'	0	0.4348	0.0235	0.1273
b'2:128370123'	b'A25'	0	0.4348	0.0235	0.2705
b'2:149803423'	b'A25'	0	0.4348	0.0235	0.4098
b'2:196825114'	b'A25'	0	0.4348	0.0235	0.2902
b'2:20146256'	b'A25'	0	0.4348	0.0235	0.1289
b'2:234346089'	b'A25'	0	0.4348	0.0235	0.2822
b'3:12961899'	b'A25'	0	0.4348	0.0235	0.2902
b'3:143708430'	b'A25'	0	0.4348	0.0235	0.2384
b'3:154890405'	b'A25'	0	0.4348	0.0235	0.1513
b'3:195345966'	b'A25'	0	0.4348	0.0235	0.5065
b'3:195346433'	b'A25'	0	0.4348	0.0235	0.7692
b'3:51395504'	b'A25'	0	0.4348	0.0235	0.5122
b'3:7348161'	b'A25'	0	0.4348	0.0235	0.2371
b'3:9704130'	b'A25'	0	0.4348	0.0235	0.1644
b'4:104512751'	b'A25'	0	0.4348	0.0235	0.1885
b'4:155156296'	b'A25'	0	0.4348	0.0235	0.2360
b'4:176622755'	b'A25'	0	0.4348	0.0235	0.3867
b'4:40155871'	b'A25'	0	0.4348	0.0235	0.1173
b'5:1394130'	b'A25'	0	0.4348	0.0235	0.1173
b'5:168195283'	b'A25'	0	0.4348	0.0235	0.2497
b'5:38431228'	b'A25'	0	0.4348	0.0235	0.1395
b'5:90074429'	b'A25'	0	0.4348	0.0235	0.2726
b'6:131997885'	b'A25'	0	0.4348	0.0235	0.1767
b'6:33154428'	b'A25'	0	0.4348	0.0235	0.2726
b'6:37446888'	b'A25'	0	0.4348	0.0235	0.3464
b'6:38790755'	b'A25'	0	0.4348	0.0235	0.1767
b'6:47575715'	b'A25'	0	0.4348	0.0235	0.1273
b'6:86239954'	b'A25'	0	0.4348	0.0235	0.1885
b'7:12684336'	b'A25'	0	0.4348	0.0235	0.1288
b'7:140273812'	b'A25'	0	0.4348	0.0235	0.1920
b'7:20420319'	b'A25'	0	0.4348	0.0235	0.1395
b'7:23731042'	b'A25'	0	0.4348	0.0235	0.1738
b'7:96637014'	b'A25'	0	0.4348	0.0235	0.2542
b'8:102570875'	b'A25'	0	0.4348	0.0235	0.1491
b'8:41581055'	b'A25'	0	0.4348	0.0235	0.1401
b'8:54669155'	b'A25'	0	0.4348	0.0235	0.1265
b'8:62577826'	b'A25'	0	0.4348	0.0235	0.2360
b'8:69039671'	b'A25'	0	0.4348	0.0235	0.2552
b'8:92033686'	b'A25'	0	0.4348	0.0235	0.1767
b'9:116187245'	b'A25'	0	0.4348	0.0235	0.1395
b'9:127228642'	b'A25'	0	0.4348	0.0235	0.2371
b'9:135983436'	b'A25'	0	0.4348	0.0235	0.1389
b'9:14690271'	b'A25'	0	0.4348	0.0235	0.1356
b'9:20354939'	b'A25'	0	0.4348	0.0235	0.1265
b'9:79323586'	b'A25'	0	0.4348	0.0235	0.1562
b'X:19431516'	b'A25'	0	0.4348	0.0235	0.2705
b'10:102240749'	b'A25'	1	0.6907	0.0322	0.1215
b'10:28345482'	b'A25'	1	0.6907	0.0322	0.1235
b'10:92654500'	b'A25'	1	0.6907	0.0322	0.1251
b'11:117785137'	b'A25'	1	0.6907	0.0322	0.1369
b'11:49974489'	b'A25'	1	0.6907	0.0322	0.1362
b'12:104391346'	b'A25'	1	0.6907	0.0322	0.1205
b'14:20586037'	b'A25'	1	0.6907	0.0322	0.1302
b'14:21387883'	b'A25'	1	0.6907	0.0322	0.1292
b'14:42368126'	b'A25'	1	0.6907	0.0322	0.1276
b'14:68248192'	b'A25'	1	0.6907	0.0322	0.1205
b'14:70634411'	b'A25'	1	0.6907	0.0322	0.1205
b'15:25485136'	b'A25'	1	0.6907	0.0322	0.1190
b'15:25924959'	b'A25'	1	0.6907	0.0322	0.1291
b'15:93015487'	b'A25'	1	0.6907	0.0322	0.1270
b'15:99740178'	b'A25'	1	0.6907	0.0322	0.1235
b'17:26970000'	b'A25'	1	0.6907	0.0322	0.1259
b'17:46259851'	b'A25'	1	0.6907	0.0322	0.1235
b'17:63206780'	b'A25'	1	0.6907	0.0322	0.1190
b'17:79852288'	b'A25'	1	0.6907	0.0322	0.1163
b'18:12115483'	b'A25'	1	0.6907	0.0322	0.1276
b'18:12125813'	b'A25'	1	0.6907	0.0322	0.1294
b'19:49529054'	b'A25'	1	0.6907	0.0322	0.1163
b'19:57640295'	b'A25'	1	0.6907	0.0322	0.1133
b'19:9011068'	b'A25'	1	0.6907	0.0322	0.1317
b'1:151733923'	b'A25'	1	0.6907	0.0322	0.1212
b'1:181701945'	b'A25'	1	0.6907	0.0322	0.1190
b'1:19431519'	b'A25'	1	0.6907	0.0322	0.1291
b'1:19465592'	b'A25'	1	0.6907	0.0322	0.1257
b'1:39463862'	b'A25'	1	0.6907	0.0322	0.1178
b'20:23064901'	b'A25'	1	0.6907	0.0322	0.1238
b'20:33981943'	b'A25'	1	0.6907	0.0322	0.1238
b'20:44439605'	b'A25'	1	0.6907	0.0322	0.1307
b'22:36745266'	b'A25'	1	0.6907	0.0322	0.1190
b'2:128631779'	b'A25'	1	0.6907	0.0322	0.1163
b'2:179444546'	b'A25'	1	0.6907	0.0322	0.1283
b'2:210558297'	b'A25'	1	0.6907	0.0322	0.1187
b'2:228860266'	b'A25'	1	0.6907	0.0322	0.1229
b'2:25095578'	b'A25'	1	0.6907	0.0322	0.1212
b'3:111692600'	b'A25'	1	0.6907	0.0322	0.1215
b'3:172835213'	b'A25'	1	0.6907	0.0322	0.1269
b'3:17418107'	b'A25'	1	0.6907	0.0322	0.1250
b'3:185407290'	b'A25'	1	0.6907	0.0322	0.1167
b'3:30713399'	b'A25'	1	0.6907	0.0322	0.1250
b'3:44285101'	b'A25'	1	0.6907	0.0322	0.1285
b'3:44844392'	b'A25'	1	0.6907	0.0322	0.1178
b'3:50214232'	b'A25'	1	0.6907	0.0322	0.1275
b'4:183675984'	b'A25'	1	0.6907	0.0322	0.1263
b'4:183676061'	b'A25'	1	0.6907	0.0322	0.1393
b'4:38829546'	b'A25'	1	0.6907	0.0322	0.1210
b'4:40828011'	b'A25'	1	0.6907	0.0322	0.1237
b'4:69682451'	b'A25'	1	0.6907	0.0322	0.1237
b'4:74477437'	b'A25'	1	0.6907	0.0322	0.1330
b'4:79516513'	b'A25'	1	0.6907	0.0322	0.1257
b'5:1406383'	b'A25'	1	0.6907	0.0322	0.1133
b'5:169720325'	b'A25'	1	0.6907	0.0322	0.1257
b'5:45645531'	b'A25'	1	0.6907	0.0322	0.1178
b'6:102503244'	b'A25'	1	0.6907	0.0322	0.1163
b'6:111213375'	b'A25'	1	0.6907	0.0322	0.1287
b'6:136923060'	b'A25'	1	0.6907	0.0322	0.1190
b'6:150267682'	b'A25'	1	0.6907	0.0322	0.1284
b'6:43400020'	b'A25'	1	0.6907	0.0322	0.1270
b'6:55119996'	b'A25'	1	0.6907	0.0322	0.1257
b'6:6167727'	b'A25'	1	0.6907	0.0322	0.1275
b'6:75828730'	b'A25'	1	0.6907	0.0322	0.1237
b'6:90604799'	b'A25'	1	0.6907	0.0322	0.1239
b'7:146818150'	b'A25'	1	0.6907	0.0322	0.1269
b'7:92735029'	b'A25'	1	0.6907	0.0322	0.1296
b'8:24333440'	b'A25'	1	0.6907	0.0322	0.1251
b'9:92006338'	b'A25'	1	0.6907	0.0322	0.1250
b'11:57971203'	b'A25'	2	0.1726	0.0262	0.9912
b'11:62295157'	b'A25'	2	0.1726	0.0262	0.8539
b'14:107283209'	b'A25'	2	0.1726	0.0262	0.9177
b'19:34513725'	b'A25'	2	0.1726	0.0262	0.6953
b'3:195346462'	b'A25'	2	0.1726	0.0262	0.7013
b'9:33799194'	b'A25'	2	0.1726	0.0262	0.9993
b'9:66457381'	b'A25'	2	0.1726	0.0262	0.9812
b'10:125516845'	b'A25'	3	0.9793	0.0170	0.1646
b'10:24880283'	b'A25'	3	0.9793	0.0170	0.1646
b'10:49459543'	b'A25'	3	0.9793	0.0170	0.2672
b'10:70947323'	b'A25'	3	0.9793	0.0170	0.2135
b'11:111851573'	b'A25'	3	0.9793	0.0170	0.2739
b'11:118984667'	b'A25'	3	0.9793	0.0170	0.2249
b'11:120319865'	b'A25'	3	0.9793	0.0170	0.3107
b'11:1220666'	b'A25'	3	0.9793	0.0170	0.2583
b'11:18762157'	b'A25'	3	0.9793	0.0170	0.1369
b'11:35302536'	b'A25'	3	0.9793	0.0170	0.3762
b'11:4881463'	b'A25'	3	0.9793	0.0170	0.1691
b'11:56185719'	b'A25'	3	0.9793	0.0170	0.1457
b'11:64418820'	b'A25'	3	0.9793	0.0170	0.3042
b'11:64577088'	b'A25'	3	0.9793	0.0170	0.1218
b'11:6479090'	b'A25'	3	0.9793	0.0170	0.1646
b'12:101333193'	b'A25'	3	0.9793	0.0170	0.4624
b'12:119419762'	b'A25'	3	0.9793	0.0170	0.2583
b'12:25263160'	b'A25'	3	0.9793	0.0170	0.6315
b'12:41303730'	b'A25'	3	0.9793	0.0170	0.2321
b'12:49444328'	b'A25'	3	0.9793	0.0170	0.1496
b'12:53865387'	b'A25'	3	0.9793	0.0170	0.1363
b'12:70065261'	b'A25'	3	0.9793	0.0170	0.1196
b'12:71972514'	b'A25'	3	0.9793	0.0170	0.1215
b'12:77421686'	b'A25'	3	0.9793	0.0170	0.1646
b'12:86275999'	b'A25'	3	0.9793	0.0170	0.1713
b'12:95507475'	b'A25'	3	0.9793	0.0170	0.2810
b'13:52952356'	b'A25'	3	0.9793	0.0170	0.6315
b'13:73638021'	b'A25'	3	0.9793	0.0170	0.5457
b'13:76395306'	b'A25'	3	0.9793	0.0170	0.6315
b'14:21238676'	b'A25'	3	0.9793	0.0170	0.4405
b'14:42355930'	b'A25'	3	0.9793	0.0170	0.5863
b'14:50734497'	b'A25'	3	0.9793	0.0170	0.1196
b'14:66082791'	b'A25'	3	0.9793	0.0170	0.4797
b'14:69697184'	b'A25'	3	0.9793	0.0170	0.5094
b'14:74961092'	b'A25'	3	0.9793	0.0170	0.4205
b'14:75022223'	b'A25'	3	0.9793	0.0170	0.2672
b'14:80672664'	b'A25'	3	0.9793	0.0170	0.2861
b'14:91808852'	b'A25'	3	0.9793	0.0170	0.6315
b'14:94395509'	b'A25'	3	0.9793	0.0170	0.2966
b'15:28377426'	b'A25'	3	0.9793	0.0170	0.3604
b'15:33962664'	b'A25'	3	0.9793	0.0170	0.7321
b'15:42529815'	b'A25'	3	0.9793	0.0170	0.1369
b'15:43527163'	b'A25'	3	0.9793	0.0170	0.3943
b'15:43766824'	b'A25'	3	0.9793	0.0170	0.2358
b'15:56152975'	b'A25'	3	0.9793	0.0170	0.1196
b'15:57734668'	b'A25'	3	0.9793	0.0170	0.1496
b'15:58306519'	b'A25'	3	0.9793	0.0170	0.5892
b'15:75893542'	b'A25'	3	0.9793	0.0170	0.2321
b'15:80450420'	b'A25'	3	0.9793	0.0170	0.1749
b'15:88428937'	b'A25'	3	0.9793	0.0170	0.2358
b'16:167288'	b'A25'	3	0.9793	0.0170	0.3354
b'16:31372476'	b'A25'	3	0.9793	0.0170	0.6553
b'16:46598217'	b'A25'	3	0.9793	0.0170	0.3518
b'16:48158230'	b'A25'	3	0.9793	0.0170	0.4110
b'16:53532502'	b'A25'	3	0.9793	0.0170	0.3278
b'16:69988362'	b'A25'	3	0.9793	0.0170	0.3354
b'16:84035377'	b'A25'	3	0.9793	0.0170	0.3042
b'16:9923411'	b'A25'	3	0.9793	0.0170	0.3943
b'17:12917792'	b'A25'	3	0.9793	0.0170	0.6349
b'17:16329432'	b'A25'	3	0.9793	0.0170	0.2026
b'17:35656355'	b'A25'	3	0.9793	0.0170	0.2321
b'17:53068217'	b'A25'	3	0.9793	0.0170	0.1599
b'17:56271292'	b'A25'	3	0.9793	0.0170	0.6453
b'17:62049540'	b'A25'	3	0.9793	0.0170	0.1457
b'17:6381864'	b'A25'	3	0.9793	0.0170	0.6649
b'17:71192838'	b'A25'	3	0.9793	0.0170	0.1323
b'17:72861024'	b'A25'	3	0.9793	0.0170	0.5644
b'17:7577098'	b'A25'	3	0.9793	0.0170	0.1218
b'17:78327407'	b'A25'	3	0.9793	0.0170	0.1218
b'17:80684960'	b'A25'	3	0.9793	0.0170	0.3331
b'19:11408834'	b'A25'	3	0.9793	0.0170	0.1352
b'19:11892522'	b'A25'	3	0.9793	0.0170	0.1633
b'19:12917946'	b'A25'	3	0.9793	0.0170	0.4881
b'19:17452334'	b'A25'	3	0.9793	0.0170	0.2810
b'19:17749867'	b'A25'	3	0.9793	0.0170	0.1369
b'19:19605193'	b'A25'	3	0.9793	0.0170	0.2077
b'19:35978418'	b'A25'	3	0.9793	0.0170	0.1319
b'19:36832481'	b'A25'	3	0.9793	0.0170	0.2530
b'19:38948965'	b'A25'	3	0.9793	0.0170	0.2672
b'19:39905684'	b'A25'	3	0.9793	0.0170	0.2810
b'19:42219640'	b'A25'	3	0.9793	0.0170	0.2077
b'19:48342870'	b'A25'	3	0.9793	0.0170	0.2208
b'19:49253515'	b'A25'	3	0.9793	0.0170	0.1685
b'19:51323229'	b'A25'	3	0.9793	0.0170	0.1537
b'19:54301589'	b'A25'	3	0.9793	0.0170	0.1218
b'19:56482035'	b'A25'	3	0.9793	0.0170	0.1968
b'19:9868280'	b'A25'	3	0.9793	0.0170	0.1599
b'1:11009799'	b'A25'	3	0.9793	0.0170	0.2615
b'1:116280940'	b'A25'	3	0.9793	0.0170	0.2142
b'1:152282992'	b'A25'	3	0.9793	0.0170	0.9234
b'1:154295757'	b'A25'	3	0.9793	0.0170	0.9351
b'1:155218241'	b'A25'	3	0.9793	0.0170	0.1336
b'1:158261955'	b'A25'	3	0.9793	0.0170	0.2595
b'1:160654930'	b'A25'	3	0.9793	0.0170	0.9251
b'1:161476484'	b'A25'	3	0.9793	0.0170	0.8521
b'1:17257936'	b'A25'	3	0.9793	0.0170	0.1215
b'1:175323561'	b'A25'	3	0.9793	0.0170	0.1907
b'1:17661101'	b'A25'	3	0.9793	0.0170	0.1363
b'1:176912960'	b'A25'	3	0.9793	0.0170	0.4292
b'1:180240489'	b'A25'	3	0.9793	0.0170	0.5165
b'1:183093940'	b'A25'	3	0.9793	0.0170	0.2173
b'1:201981200'	b'A25'	3	0.9793	0.0170	0.9530
b'1:205811379'	b'A25'	3	0.9793	0.0170	0.8521
b'1:205886415'	b'A25'	3	0.9793	0.0170	0.6392
b'1:207642488'	b'A25'	3	0.9793	0.0170	0.9942
b'1:21137376'	b'A25'	3	0.9793	0.0170	0.4405
b'1:214817900'	b'A25'	3	0.9793	0.0170	0.6453
b'1:22155952'	b'A25'	3	0.9793	0.0170	0.1215
b'1:233514916'	b'A25'	3	0.9793	0.0170	0.2173
b'1:238051838'	b'A25'	3	0.9793	0.0170	0.8767
b'1:26371607'	b'A25'	3	0.9793	0.0170	0.3907
b'1:43675780'	b'A25'	3	0.9793	0.0170	0.4010
b'1:44415359'	b'A25'	3	0.9793	0.0170	0.1287
b'1:78184328'	b'A25'	3	0.9793	0.0170	0.3354
b'1:94546034'	b'A25'	3	0.9793	0.0170	0.2077
b'1:98187039'	b'A25'	3	0.9793	0.0170	0.1968
b'20:24995830'	b'A25'	3	0.9793	0.0170	0.1524
b'20:26063536'	b'A25'	3	0.9793	0.0170	0.3107
b'20:32878275'	b'A25'	3	0.9793	0.0170	0.1590
b'20:37531309'	b'A25'	3	0.9793	0.0170	0.6826
b'20:42635215'	b'A25'	3	0.9793	0.0170	0.3564
b'20:44258364'	b'A25'	3	0.9793	0.0170	0.5355
b'20:55072575'	b'A25'	3	0.9793	0.0170	0.2269
b'20:60737921'	b'A25'	3	0.9793	0.0170	0.3681
b'20:61449993'	b'A25'	3	0.9793	0.0170	0.3604
b'20:9416364'	b'A25'	3	0.9793	0.0170	0.2615
b'21:41668046'	b'A25'	3	0.9793	0.0170	0.1196
b'22:23779709'	b'A25'	3	0.9793	0.0170	0.1369
b'22:41980351'	b'A25'	3	0.9793	0.0170	0.4010
b'2:113500016'	b'A25'	3	0.9793	0.0170	0.2800
b'2:130956008'	b'A25'	3	0.9793	0.0170	0.3153
b'2:136519468'	b'A25'	3	0.9793	0.0170	0.2530
b'2:145187553'	b'A25'	3	0.9793	0.0170	0.3235
b'2:158114856'	b'A25'	3	0.9793	0.0170	0.1646
b'2:175260576'	b'A25'	3	0.9793	0.0170	0.2583
b'2:179247783'	b'A25'	3	0.9793	0.0170	0.1457
b'2:179410950'	b'A25'	3	0.9793	0.0170	0.9435
b'2:1893095'	b'A25'	3	0.9793	0.0170	0.3193
b'2:189852900'	b'A25'	3	0.9793	0.0170	0.1685
b'2:203757378'	b'A25'	3	0.9793	0.0170	0.3193
b'2:225651930'	b'A25'	3	0.9793	0.0170	0.1215
b'2:231973884'	b'A25'	3	0.9793	0.0170	0.4911
b'2:238330373'	b'A25'	3	0.9793	0.0170	0.1917
b'2:241512537'	b'A25'	3	0.9793	0.0170	0.1917
b'2:27597941'	b'A25'	3	0.9793	0.0170	0.4046
b'2:31403842'	b'A25'	3	0.9793	0.0170	0.2745
b'2:46583440'	b'A25'	3	0.9793	0.0170	0.3518
b'2:47739556'	b'A25'	3	0.9793	0.0170	0.1713
b'2:48960170'	b'A25'	3	0.9793	0.0170	0.1892
b'2:61315335'	b'A25'	3	0.9793	0.0170	0.2530
b'2:73491614'	b'A25'	3	0.9793	0.0170	0.2966
b'2:74601375'	b'A25'	3	0.9793	0.0170	0.4467
b'2:88407883'	b'A25'	3	0.9793	0.0170	0.4515
b'3:111927158'	b'A25'	3	0.9793	0.0170	0.2515
b'3:112324369'	b'A25'	3	0.9793	0.0170	0.4262
b'3:128780685'	b'A25'	3	0.9793	0.0170	0.3418
b'3:12950069'	b'A25'	3	0.9793	0.0170	0.2208
b'3:137880893'	b'A25'	3	0.9793	0.0170	0.2672
b'3:160021606'	b'A25'	3	0.9793	0.0170	0.1363
b'3:193044878'	b'A25'	3	0.9793	0.0170	0.1369
b'3:193159292'	b'A25'	3	0.9793	0.0170	0.4205
b'3:195515610'	b'A25'	3	0.9793	0.0170	0.5914
b'3:197495324'	b'A25'	3	0.9793	0.0170	0.2745
b'3:37860516'	b'A25'	3	0.9793	0.0170	0.1218
b'3:45000019'	b'A25'	3	0.9793	0.0170	0.4110
b'3:47079160'	b'A25'	3	0.9793	0.0170	0.3762
b'3:48576037'	b'A25'	3	0.9793	0.0170	0.4110
b'3:51393872'	b'A25'	3	0.9793	0.0170	0.2173
b'3:62189649'	b'A25'	3	0.9793	0.0170	0.4467
b'3:63825377'	b'A25'	3	0.9793	0.0170	0.2966
b'4:146770460'	b'A25'	3	0.9793	0.0170	0.1537
b'4:151765842'	b'A25'	3	0.9793	0.0170	0.2595
b'4:153864353'	b'A25'	3	0.9793	0.0170	0.2135
b'4:16188143'	b'A25'	3	0.9793	0.0170	0.1524
b'4:174537633'	b'A25'	3	0.9793	0.0170	0.1247
b'4:17695119'	b'A25'	3	0.9793	0.0170	0.1713
b'4:74442119'	b'A25'	3	0.9793	0.0170	0.5025
b'5:125894992'	b'A25'	3	0.9793	0.0170	0.9165
b'5:141025673'	b'A25'	3	0.9793	0.0170	0.7300
b'5:151043658'	b'A25'	3	0.9793	0.0170	0.9782
b'5:153975667'	b'A25'	3	0.9793	0.0170	0.5553
b'5:74059510'	b'A25'	3	0.9793	0.0170	0.4562
b'5:7707931'	b'A25'	3	0.9793	0.0170	0.1352
b'6:110763996'	b'A25'	3	0.9793	0.0170	0.5247
b'6:121491532'	b'A25'	3	0.9793	0.0170	0.2672
b'6:136710698'	b'A25'	3	0.9793	0.0170	0.1287
b'6:147128614'	b'A25'	3	0.9793	0.0170	0.1713
b'6:152784652'	b'A25'	3	0.9793	0.0170	0.2077
b'6:18143964'	b'A25'	3	0.9793	0.0170	0.5968
b'6:24403234'	b'A25'	3	0.9793	0.0170	0.2135
b'6:35280221'	b'A25'	3	0.9793	0.0170	0.1524
b'6:44134406'	b'A25'	3	0.9793	0.0170	0.3354
b'6:49399587'	b'A25'	3	0.9793	0.0170	0.1457
b'6:50696613'	b'A25'	3	0.9793	0.0170	0.2353
b'6:55966221'	b'A25'	3	0.9793	0.0170	0.4205
b'6:56033032'	b'A25'	3	0.9793	0.0170	0.1524
b'6:74496960'	b'A25'	3	0.9793	0.0170	0.2810
b'6:90583409'	b'A25'	3	0.9793	0.0170	0.2810
b'7:106508836'	b'A25'	3	0.9793	0.0170	0.3518
b'7:128452224'	b'A25'	3	0.9793	0.0170	0.3907
b'7:138603774'	b'A25'	3	0.9793	0.0170	0.5438
b'7:141727503'	b'A25'	3	0.9793	0.0170	0.2745
b'7:141776575'	b'A25'	3	0.9793	0.0170	0.9865
b'7:155436223'	b'A25'	3	0.9793	0.0170	0.1934
b'7:20194046'	b'A25'	3	0.9793	0.0170	0.4292
b'7:31877532'	b'A25'	3	0.9793	0.0170	0.1323
b'7:3991380'	b'A25'	3	0.9793	0.0170	0.7093
b'7:83591024'	b'A25'	3	0.9793	0.0170	0.7780
b'8:119936652'	b'A25'	3	0.9793	0.0170	0.4657
b'8:141370294'	b'A25'	3	0.9793	0.0170	0.1713
b'8:144460871'	b'A25'	3	0.9793	0.0170	0.3418
b'8:48846705'	b'A25'	3	0.9793	0.0170	0.5968
b'9:115014995'	b'A25'	3	0.9793	0.0170	0.1685
b'9:126164193'	b'A25'	3	0.9793	0.0170	0.1713
b'9:128434659'	b'A25'	3	0.9793	0.0170	0.1524
b'9:131185167'	b'A25'	3	0.9793	0.0170	0.1287
b'9:135781273'	b'A25'	3	0.9793	0.0170	0.5392
b'9:138415735'	b'A25'	3	0.9793	0.0170	0.2117
b'9:14859415'	b'A25'	3	0.9793	0.0170	0.1934
b'9:19516249'	b'A25'	3	0.9793	0.0170	0.1843
b'9:33068902'	b'A25'	3	0.9793	0.0170	0.1892
b'9:33524633'	b'A25'	3	0.9793	0.0170	0.3418
b'9:37719159'	b'A25'	3	0.9793	0.0170	0.2321
b'9:84249145'	b'A25'	3	0.9793	0.0170	0.1718
b'X:114400909'	b'A25'	3	0.9793	0.0170	0.6412
b'X:134155626'	b'A25'	3	0.9793	0.0170	0.6553
b'X:135427840'	b'A25'	3	0.9793	0.0170	0.7300
b'X:144909399'	b'A25'	3	0.9793	0.0170	0.6876
b'X:152968378'	b'A25'	3	0.9793	0.0170	0.7934
b'X:20156759'	b'A25'	3	0.9793	0.0170	0.4562
b'X:47426293'	b'A25'	3	0.9793	0.0170	0.9045
b'X:69176910'	b'A25'	3	0.9793	0.0170	0.4646
b'X:73961018'	b'A25'	3	0.9793	0.0170	0.6453
